﻿<?xml version="1.0" encoding="utf-8"?>
<ImportExportXml xmlns:xsi="http://www.w3.org/2001/XMLSchema-instance">
  <Entities />
  <Roles />
  <Workflows />
  <FieldSecurityProfiles />
  <Templates />
  <EntityMaps />
  <EntityRelationships />
  <OrganizationSettings />
  <optionsets />
  <CustomControls />
  <EntityDataProviders />
  <CanvasApps>
    <CanvasApp>
      <Name>ppa_mixedrealityapp_8c5e9</Name>
      <AppVersion>2023-06-20T10:47:30Z</AppVersion>
      <Status>Ready</Status>
      <CreatedByClientVersion>3.23061.22.0</CreatedByClientVersion>
      <MinClientVersion>3.23061.22.0</MinClientVersion>
      <Tags>{"primaryDeviceWidth":"640","primaryDeviceHeight":"1136","supportsPortrait":"true","supportsLandscape":"true","primaryFormFactor":"Phone","publisherVersion":"3.23061.22","minimumRequiredApiVersion":"2.2.0","hasComponent":"true","hasUnlockedComponent":"false","isUnifiedRootApp":"false","sienaVersion":"20230620T101958Z-3.23061.22.0"}</Tags>
      <IsCdsUpgraded>0</IsCdsUpgraded>
      <GalleryItemId xsi:nil="true"></GalleryItemId>
      <BackgroundColor>RGBA(0,176,240,1)</BackgroundColor>
      <DisplayName>Mixed Reality App</DisplayName>
      <Description xsi:nil="true"></Description>
      <CommitMessage xsi:nil="true"></CommitMessage>
      <Publisher></Publisher>
      <AuthorizationReferences>[]</AuthorizationReferences>
      <ConnectionReferences>{"003c10bb-0e9a-4c4b-805d-593afc9cb727":{"id":"/providers/microsoft.powerapps/apis/shared_ppa-5fsmithsonian-203d-5f345bf30b7f2609bb","displayName":"Smithsonian 3D","iconUri":"https://pafeblobprodam.blob.core.windows.net/20230620t000000z913181b94a534ec2bac64c881e4c2045/ppa_5Fsmithsonian-203d_iconblob.Png?sv=2018-03-28&amp;sr=c&amp;sig=T2VyyHD1tTkzgAs94qsZwPtJ7SH5t802Rt0KzT9DtJs%3D&amp;se=2023-06-25T20%3A00%3A00Z&amp;sp=rl","dataSources":["Smithsonian3D"],"dependencies":[],"dependents":[],"parameterHints":{},"parameterHintsV2":{},"isOnPremiseConnection":false,"bypassConsent":false,"dataSets":{},"apiTier":"Standard","actions":["FileSearch"],"customApiLogicalName":"ppa_5Fsmithsonian-203d","isCustomApiSolutionAware":true},"d3247bfa-13c2-4b77-995f-e1eea4da92fc":{"id":"/providers/microsoft.powerapps/apis/shared_excel","displayName":"Excel","iconUri":"https://connectoricons-prod.azureedge.net/releases/v1.0.1623/1.0.1623.3210/excel/icon.png","dataSources":["Coral","Occupants"],"dependencies":["c2e3805b-745c-4405-aec1-a48ace208d7a"],"dependents":[],"parameterHints":{"c2e3805b-745c-4405-aec1-a48ace208d7a":{"value":"fileSource"}},"parameterHintsV2":{"fileSource":{"value":"c2e3805b-745c-4405-aec1-a48ace208d7a"}},"isOnPremiseConnection":false,"bypassConsent":false,"dataSets":{"b!Pp4CrYrZRkaeQxez_2FUZQKl4-FwaedGtmciwc0hKOKnjyioYqjRTYTOTNjCe3-E.01ZFIWZ5V3CQ2PLPZ5S5GJHFYDDWF2VR4J":{"dataSources":{"Coral":{"tableName":"Coral"},"Occupants":{"tableName":"Occupants"}}}},"apiTier":"Standard","actions":["providers/PowerPlatform.Governance/Operations/Read"],"isCustomApiSolutionAware":false},"c2e3805b-745c-4405-aec1-a48ace208d7a":{"id":"/providers/microsoft.powerapps/apis/shared_onedriveforbusiness","displayName":"OneDrive for Business","iconUri":"https://connectoricons-prod.azureedge.net/u/shgogna/globalperconnector-train1/1.0.1639.3312/onedriveforbusiness/icon.png","dataSources":[],"dependencies":[],"dependents":["d3247bfa-13c2-4b77-995f-e1eea4da92fc"],"parameterHints":{},"parameterHintsV2":{},"isOnPremiseConnection":false,"bypassConsent":false,"dataSets":{},"apiTier":"Standard","isCustomApiSolutionAware":false}}</ConnectionReferences>
      <DatabaseReferences>{}</DatabaseReferences>
      <AppComponents>[]</AppComponents>
      <AppComponentDependencies>[{"appComponentName":"2e88179d732a402184a767c94eab038b","appName":"78847db7-d177-4962-bf0d-0793ba224ff8","appComponentLibraryName":"db0df44c-e8b0-44c5-83c2-68a6df283259","appComponentLibraryVersion":"2023-06-20T08:24:43Z","appComponentLibraryLogicalName":"cat_powercatcomponentlibrary_0be3a","environmentName":"df22a193-4f3d-e47f-a2ae-1140201e574d"},{"appComponentName":"44e7951b1fad4ad98126f8c108dd1e9f","appName":"78847db7-d177-4962-bf0d-0793ba224ff8","appComponentLibraryName":"db0df44c-e8b0-44c5-83c2-68a6df283259","appComponentLibraryVersion":"2023-06-20T08:24:43Z","appComponentLibraryLogicalName":"cat_powercatcomponentlibrary_0be3a","environmentName":"df22a193-4f3d-e47f-a2ae-1140201e574d"},{"appComponentName":"6da4b2f929d240969e49e05e10e720ce","appName":"78847db7-d177-4962-bf0d-0793ba224ff8","appComponentLibraryName":"db0df44c-e8b0-44c5-83c2-68a6df283259","appComponentLibraryVersion":"2023-06-20T08:24:43Z","appComponentLibraryLogicalName":"cat_powercatcomponentlibrary_0be3a","environmentName":"df22a193-4f3d-e47f-a2ae-1140201e574d"},{"appComponentName":"952d39d80fc84420b772a5058b19d909","appName":"78847db7-d177-4962-bf0d-0793ba224ff8","appComponentLibraryName":"db0df44c-e8b0-44c5-83c2-68a6df283259","appComponentLibraryVersion":"2023-06-20T08:24:43Z","appComponentLibraryLogicalName":"cat_powercatcomponentlibrary_0be3a","environmentName":"df22a193-4f3d-e47f-a2ae-1140201e574d"}]</AppComponentDependencies>
      <CanConsumeAppPass>1</CanConsumeAppPass>
      <CanvasAppType>0</CanvasAppType>
      <BypassConsent>0</BypassConsent>
      <AdminControlBypassConsent>0</AdminControlBypassConsent>
      <EmbeddedApp xsi:nil="true"></EmbeddedApp>
      <IntroducedVersion>1.0</IntroducedVersion>
      <CdsDependencies>{"cdsdependencies":[{"logicalname":"ppa_5Fsmithsonian-203d","componenttype":372,"componenttypeplatformname":"connector"},{"logicalname":"cat_powercatcomponentlibrary_0be3a","componenttype":300,"componenttypeplatformname":"CanvasApp"}]}</CdsDependencies>
      <IsCustomizable>1</IsCustomizable>
      <BackgroundImageUri>/CanvasApps/ppa_mixedrealityapp_8c5e9_BackgroundImageUri</BackgroundImageUri>
      <DocumentUri>/CanvasApps/ppa_mixedrealityapp_8c5e9_DocumentUri.msapp</DocumentUri>
    </CanvasApp>
  </CanvasApps>
  <Connectors>
    <Connector>
      <connectorid>8fdeedcc-b21b-4f9b-9041-b3c74267bf19</connectorid>
      <description></description>
      <displayname>Smithsonian 3D</displayname>
      <iconbrandcolor>#007ee5</iconbrandcolor>
      <name>ppa_5Fsmithsonian-203d</name>
      <connectortype>1</connectortype>
      <openapidefinition>/Connector/ppa_5Fsmithsonian-203d_openapidefinition.json</openapidefinition>
      <connectionparameters>/Connector/ppa_5Fsmithsonian-203d_connectionparameters.json</connectionparameters>
      <policytemplateinstances>/Connector/ppa_5Fsmithsonian-203d_policytemplateinstances.json</policytemplateinstances>
      <iconblob>/Connector/ppa_5Fsmithsonian-203d_iconblob.Png</iconblob>
    </Connector>
  </Connectors>
  <Languages>
    <Language>1031</Language>
  </Languages>
</ImportExportXml>